,0,1,2,3,4,5,6,7,8,9,10,11,12,13,14,15,16,17,18,19
0,0.16290443,0.6388035,-1.1457047,-0.06196785,-0.5398715,-0.31999964,0.6473253,-0.92295104,0.38246173,-0.71072584,-0.8380804,-0.279185,-0.5227213,0.32435665,0.6681593,0.56242144,0.9515541,2.1369796,0.91136396,-0.1877272
0,0.16625974,0.64169025,-1.1439877,-0.062592015,-0.5468477,-0.32060844,0.64466524,-0.9199546,0.3785718,-0.71130073,-0.8392683,-0.28123006,-0.5191725,0.32068324,0.67145455,0.56514657,0.95505905,2.1254525,0.91184044,-0.18490863
0,0.16628477,0.641691,-1.1440296,-0.06256585,-0.546759,-0.32061467,0.64467895,-0.91994923,0.37857723,-0.71130484,-0.8392622,-0.28118965,-0.51916206,0.3206323,0.6714681,0.5651618,0.9549651,2.1254272,0.9118088,-0.18489599
0,0.16649146,0.6418268,-1.1441476,-0.062399615,-0.5464793,-0.3207496,0.6447104,-0.91995066,0.37845093,-0.7113481,-0.8391739,-0.28122443,-0.5188504,0.3200607,0.67156696,0.56552523,0.95458966,2.1247761,0.91167724,-0.18472938
0,0.16637461,0.6417904,-1.1441702,-0.062368464,-0.54641044,-0.32079697,0.64477694,-0.92002714,0.3784112,-0.7113958,-0.83917177,-0.28141284,-0.5188075,0.3200244,0.6714896,0.56567526,0.9545196,2.1247828,0.9118164,-0.1846755
2,0.16642937,0.64185876,-1.1440848,-0.06240629,-0.54655015,-0.32073888,0.64470726,-0.9199337,0.37846512,-0.71135396,-0.8391781,-0.2812986,-0.5188514,0.3200456,0.6715625,0.5654986,0.95465744,2.1248085,0.911693,-0.18471949
0,0.15638709,0.63586986,-1.1431879,-0.06269519,-0.53915745,-0.31907168,0.64958507,-0.9248306,0.38562432,-0.7104826,-0.8406602,-0.2829095,-0.5219008,0.32639876,0.6655263,0.56350243,0.95282876,2.1432114,0.9156372,-0.18829232
0,0.16284344,0.63929886,-1.144749,-0.062509224,-0.5441189,-0.32079807,0.6465071,-0.9227096,0.37969208,-0.71148694,-0.83883893,-0.28285453,-0.52101004,0.32405946,0.66832435,0.5651972,0.95424795,2.132236,0.9142183,-0.1859801
0,0.16517587,0.6412689,-1.1437653,-0.062761605,-0.5473908,-0.3208998,0.64510465,-0.92058086,0.3782154,-0.7116069,-0.8395572,-0.28300914,-0.51893497,0.32106206,0.6707693,0.5661775,0.9557234,2.1255832,0.91331625,-0.18458685
0,0.16560419,0.6416302,-1.1435856,-0.06273337,-0.547514,-0.32089067,0.64491427,-0.9202813,0.3781857,-0.71154606,-0.8394734,-0.2826885,-0.5187397,0.32049948,0.6711492,0.56601447,0.95567006,2.124921,0.91278905,-0.18452343
24,0.16641028,0.64181364,-1.1440979,-0.06239419,-0.54654276,-0.32076058,0.64473754,-0.9199773,0.378436,-0.7113644,-0.8391787,-0.2813839,-0.518802,0.32002598,0.6715206,0.56564397,0.95468456,2.1247182,0.9117669,-0.18470018
24,0.16648865,0.64179647,-1.1441915,-0.062388442,-0.54639184,-0.32076636,0.644749,-0.91998243,0.37844816,-0.7113575,-0.8391878,-0.281206,-0.51884806,0.32005286,0.67154425,0.56556594,0.9545164,2.1247745,0.9116939,-0.18470928
24,0.16634922,0.64177907,-1.144185,-0.062358808,-0.5463954,-0.32079834,0.6448015,-0.9200307,0.37843037,-0.71138835,-0.8391968,-0.28140932,-0.5187992,0.32002395,0.67146546,0.5656942,0.9545187,2.1247852,0.9118328,-0.18466237
0,0.1663324,0.64178354,-1.1441462,-0.062378038,-0.54647136,-0.32082623,0.6448109,-0.9200617,0.37839812,-0.7113921,-0.83920324,-0.28149122,-0.5187592,0.32000965,0.6714447,0.56575346,0.95459735,2.1247196,0.9118764,-0.18464565
0,0.16621324,0.6417645,-1.1440837,-0.062408112,-0.5466043,-0.3208475,0.6448331,-0.9200875,0.37836242,-0.7114178,-0.8392393,-0.28170466,-0.518715,0.32003134,0.671395,0.5658506,0.9547356,2.1246915,0.9120299,-0.1846132
0,0.16622563,0.6417779,-1.1440836,-0.062401235,-0.5466065,-0.32085833,0.6448291,-0.9200916,0.37834483,-0.7114247,-0.83922845,-0.2817233,-0.5186995,0.32000166,0.67140543,0.56587064,0.95472175,2.1246548,0.9120262,-0.18460362
0,0.16423619,0.64058584,-1.1440377,-0.062708244,-0.54641896,-0.3207779,0.6455847,-0.9213131,0.37884575,-0.7114571,-0.83943117,-0.2827524,-0.5197654,0.322315,0.66983294,0.56570065,0.95554304,2.1280582,0.91362333,-0.18510899
0,0.16522066,0.641312,-1.1438332,-0.062691584,-0.5472873,-0.32085675,0.6450793,-0.9205672,0.3783241,-0.7115221,-0.839492,-0.28279394,-0.51900226,0.32108983,0.67072743,0.5660434,0.95567054,2.1257343,0.9131629,-0.18466243
0,0.16622154,0.64177024,-1.144078,-0.062396836,-0.5466202,-0.32084554,0.64480966,-0.92009085,0.37834114,-0.7114266,-0.8392025,-0.281757,-0.51870906,0.32001895,0.6714057,0.5658777,0.9547345,2.1246784,0.9120377,-0.18462187
0,0.16615391,0.64174706,-1.1440704,-0.062407993,-0.54663914,-0.3208776,0.64485276,-0.9201392,0.3783215,-0.7114374,-0.8392399,-0.28184775,-0.5186817,0.3200322,0.67135656,0.5659408,0.95477265,2.1246657,0.91212845,-0.18459079
0,0.16614172,0.64176357,-1.1440233,-0.06242148,-0.54665613,-0.32090694,0.64487135,-0.9201706,0.37829757,-0.7114525,-0.8392376,-0.28190732,-0.51863635,0.31996542,0.6713546,0.5659927,0.95480233,2.1245885,0.91213846,-0.18456829
10,0.16634579,0.6418011,-1.1440774,-0.06241559,-0.5465716,-0.32081345,0.6447717,-0.9200317,0.37838364,-0.7113916,-0.83919793,-0.28151512,-0.51875335,0.32001287,0.67148334,0.56572545,0.9546846,2.1246839,0.9118656,-0.18466036
0,0.11478405,0.6175881,-1.1363086,-0.062659904,-0.5310403,-0.31789804,0.6663658,-0.94533217,0.3965605,-0.7142134,-0.8490389,-0.3258898,-0.51845133,0.33324236,0.6457404,0.5877439,0.95985395,2.1771271,0.9494783,-0.18678932
1354,0.16628054,0.64178324,-1.1441151,-0.06235678,-0.5465268,-0.320825,0.6448072,-0.9200597,0.37838346,-0.7114099,-0.8391863,-0.2816558,-0.51868886,0.31993815,0.67142665,0.56588614,0.9546698,2.124625,0.9119527,-0.18462722
0,0.1650947,0.64130384,-1.1436424,-0.062815264,-0.5475288,-0.3209291,0.6451147,-0.9205613,0.37819028,-0.7116035,-0.8396114,-0.28312021,-0.51887786,0.32103458,0.6707689,0.56617165,0.9558239,2.1255186,0.91338146,-0.18454742
0,0.1631166,0.64058954,-1.1423014,-0.06332926,-0.5479289,-0.3206915,0.6457083,-0.9215747,0.37902588,-0.711484,-0.8393568,-0.284329,-0.51983416,0.32256627,0.66934836,0.5655277,0.9576381,2.1286812,0.9141591,-0.18527098
3653,0.16419336,0.64077985,-1.1434062,-0.06295637,-0.54719764,-0.32084957,0.6454493,-0.9212222,0.3785699,-0.7115761,-0.8393818,-0.28342372,-0.51952696,0.32201523,0.67003316,0.56587106,0.9561534,2.127465,0.913737,-0.18500647
0,0.16582613,0.6417013,-1.1437763,-0.06257906,-0.54720056,-0.32088557,0.64485824,-0.92020875,0.37820968,-0.7115134,-0.8393428,-0.2824357,-0.5186618,0.32025442,0.67122424,0.5660725,0.95534056,2.1247096,0.91256225,-0.18454155
1381,0.16540551,0.6412632,-1.1440567,-0.062641524,-0.5468686,-0.3209972,0.64515865,-0.9206356,0.37819228,-0.7115797,-0.83950806,-0.28260332,-0.51892906,0.32094043,0.6708379,0.56614274,0.9551445,2.1255286,0.9131014,-0.1845799
594,0.1662198,0.64176285,-1.144058,-0.062406827,-0.5466197,-0.32085937,0.6448255,-0.9201149,0.37834302,-0.7114182,-0.83921015,-0.28174847,-0.5186973,0.3200152,0.6713964,0.5658843,0.9547604,2.1246655,0.91203177,-0.18462363
0,0.16402335,0.6401504,-1.1446944,-0.06260308,-0.54547846,-0.32089955,0.6458843,-0.9217599,0.37892357,-0.71149606,-0.83946955,-0.2824928,-0.5200114,0.322831,0.6694681,0.56574756,0.95471656,2.128964,0.9139205,-0.1852053
3725,0.16566142,0.64143026,-1.143773,-0.062734365,-0.5471171,-0.32068795,0.64489347,-0.9202855,0.37849504,-0.7114286,-0.83939666,-0.2819864,-0.5192157,0.32103688,0.67107433,0.5654634,0.95545757,2.1258461,0.91248786,-0.18482354
1414,0.16624665,0.64179546,-1.1440518,-0.06239424,-0.5466106,-0.32084227,0.64481145,-0.92007655,0.37835723,-0.7114162,-0.8392054,-0.28172407,-0.51867855,0.3199482,0.6714247,0.5658814,0.9547548,2.1246035,0.91199124,-0.18461473
3747,0.16635075,0.64180905,-1.1440622,-0.06240791,-0.54657394,-0.32079682,0.64476454,-0.9200202,0.3783986,-0.7113884,-0.8391882,-0.28152177,-0.51874477,0.3199831,0.6714875,0.5657352,0.9547161,2.124659,0.91185236,-0.18466444
0,0.16612747,0.64171165,-1.1440592,-0.06244397,-0.54672796,-0.32084304,0.64484,-0.92012864,0.37832776,-0.71144253,-0.8392719,-0.2818523,-0.5187442,0.32015777,0.6713424,0.5659031,0.9548623,2.12476,0.91217613,-0.1846066
7781,0.16561718,0.64160085,-1.1436751,-0.06268897,-0.5473873,-0.32087415,0.6449337,-0.92028123,0.378234,-0.7115209,-0.8394663,-0.28256804,-0.51877016,0.3205382,0.6711058,0.5659987,0.9555787,2.12499,0.912763,-0.18454885
0,0.1646996,0.6407444,-1.1436327,-0.06297602,-0.5461566,-0.32079253,0.6455556,-0.92134297,0.37876874,-0.71152836,-0.8393685,-0.28211197,-0.5198997,0.3220934,0.6701782,0.5651158,0.9551915,2.1279607,0.9130317,-0.18511514
3781,0.16622481,0.6417775,-1.1440618,-0.062394,-0.5465861,-0.3208621,0.6448318,-0.9201108,0.37833995,-0.711426,-0.83920527,-0.28174704,-0.5186808,0.3199687,0.6713959,0.56590176,0.95471984,2.1246285,0.91202366,-0.18460445
3801,0.16630045,0.6418203,-1.1440762,-0.06238698,-0.54657733,-0.32082504,0.6447898,-0.92003214,0.3783638,-0.7114135,-0.8392042,-0.2816256,-0.51871014,0.3199467,0.6714649,0.5658085,0.9546831,2.1246104,0.91192806,-0.1846143
117,0.16634211,0.6418209,-1.1440692,-0.06241398,-0.54660857,-0.3207787,0.6447423,-0.9199848,0.37841764,-0.7113778,-0.8391942,-0.28148133,-0.51879627,0.3200529,0.6715056,0.5656376,0.9547226,2.1247585,0.91183394,-0.18469097
1460,0.16616087,0.64172286,-1.1441299,-0.06238086,-0.5465644,-0.32087725,0.64485806,-0.92015475,0.3783382,-0.71142757,-0.83922184,-0.2817919,-0.51871383,0.32007304,0.67134464,0.5659216,0.9546917,2.1247532,0.91210806,-0.18461493
0,0.15573898,0.6368143,-1.141408,-0.06345607,-0.5432273,-0.31960678,0.64889294,-0.92401826,0.38358253,-0.71135116,-0.8414461,-0.2867806,-0.5200934,0.3248618,0.6663236,0.5656824,0.95573217,2.138607,0.91787374,-0.18650171
0,0.15456653,0.6362508,-1.1412914,-0.063302815,-0.5420035,-0.3188827,0.6492795,-0.92433846,0.38476902,-0.7114429,-0.8414196,-0.2864821,-0.5209992,0.32586616,0.66552365,0.5647005,0.9549265,2.141795,0.917984,-0.1869959
3835,0.16636911,0.64182436,-1.1441315,-0.062360704,-0.5464878,-0.32078055,0.64476395,-0.91998845,0.37843442,-0.711377,-0.83918,-0.28143802,-0.5187739,0.31997263,0.6714951,0.5656927,0.95462054,2.1247087,0.9118002,-0.18466696
3838,0.16610321,0.6417573,-1.1439636,-0.06246971,-0.5468035,-0.32087746,0.6448535,-0.9201416,0.37831116,-0.71144044,-0.8392811,-0.28192875,-0.51866496,0.32005936,0.67133963,0.56594306,0.95495194,2.1246343,0.9121807,-0.18457794
624,0.16497126,0.6409184,-1.1442944,-0.062560335,-0.5467121,-0.3209905,0.64522374,-0.9210764,0.37825498,-0.71154916,-0.83928984,-0.2829373,-0.5192503,0.3216828,0.67033947,0.5662033,0.9552539,2.126594,0.9135481,-0.1848639
340,0.16632839,0.6418146,-1.1441138,-0.06237644,-0.54657906,-0.32075548,0.64475113,-0.91996413,0.37842232,-0.71139824,-0.83921325,-0.28153068,-0.5187705,0.32000414,0.6714885,0.56572664,0.9546956,2.1246886,0.91188353,-0.18464433
3895,0.16629145,0.6417471,-1.1441603,-0.062381517,-0.5465018,-0.3208304,0.64481914,-0.92008245,0.37837696,-0.7114039,-0.83922356,-0.28157228,-0.51875526,0.32005873,0.6714221,0.5658067,0.95463216,2.1247265,0.9119641,-0.18463954
0,0.1612966,0.6376744,-1.1468347,-0.06128087,-0.5383962,-0.3198256,0.648167,-0.92361754,0.38298887,-0.7109206,-0.8381602,-0.28005442,-0.52318954,0.3255344,0.666663,0.5633219,0.9504964,2.1391685,0.91290647,-0.18772647
0,0.16362059,0.6392733,-1.1458968,-0.061862886,-0.5421745,-0.32016355,0.6464063,-0.92195594,0.38075957,-0.71111286,-0.8386513,-0.280295,-0.5216517,0.3238933,0.6687311,0.5642139,0.9527518,2.1330464,0.9126355,-0.18646434
0,0.16331163,0.63920605,-1.1457965,-0.06186042,-0.54220927,-0.32019204,0.6465096,-0.92210054,0.38083062,-0.7111065,-0.8385993,-0.2805398,-0.52174413,0.32411107,0.66851395,0.5641256,0.9528173,2.133538,0.91279376,-0.18653552
3909,0.1635414,0.6402829,-1.1439245,-0.06272775,-0.5466715,-0.32100558,0.64567167,-0.9220902,0.37870246,-0.7114312,-0.83905154,-0.2837385,-0.5198541,0.32302752,0.6691146,0.5659933,0.95605004,2.1290646,0.9143521,-0.1854219
0,0.16432747,0.6403788,-1.1444341,-0.06268778,-0.5458372,-0.32077917,0.6456964,-0.92141736,0.37890273,-0.7114793,-0.83954066,-0.28228444,-0.51994836,0.32257694,0.66980743,0.5655476,0.95492536,2.1284351,0.91361296,-0.18513165
3995,0.16638272,0.64179033,-1.144161,-0.062375985,-0.54646885,-0.3207796,0.64476806,-0.920005,0.37842554,-0.71138155,-0.83919317,-0.28139526,-0.5188204,0.32005474,0.671498,0.56565315,0.9545847,2.124782,0.9118088,-0.18468118
0,0.15556304,0.6365279,-1.1422805,-0.06263965,-0.54043305,-0.3181924,0.64888126,-0.9238161,0.3854874,-0.71121913,-0.84063417,-0.28444195,-0.52201176,0.3261241,0.66569626,0.56330276,0.95335543,2.143162,0.9164587,-0.18763001
0,0.16420968,0.64095557,-1.1431283,-0.06297843,-0.5477635,-0.32066512,0.64522874,-0.92101794,0.37869596,-0.71143514,-0.839341,-0.2834311,-0.51948494,0.322067,0.6700001,0.56571645,0.9568122,2.1273506,0.91367376,-0.18511876
0,0.1649863,0.64110464,-1.1438658,-0.06275536,-0.54706967,-0.32077417,0.6452356,-0.9206604,0.37852135,-0.71150935,-0.8396271,-0.28259626,-0.5192636,0.32147267,0.67054,0.5658065,0.95564616,2.1263585,0.9132494,-0.18472938
0,0.16510876,0.6410522,-1.1442053,-0.062510654,-0.54658544,-0.32050663,0.645059,-0.92051697,0.37894338,-0.7112942,-0.83930266,-0.28191388,-0.519664,0.32178336,0.67055464,0.56526953,0.95532334,2.1272893,0.91274464,-0.18517354
0,0.1576511,0.636374,-1.1443996,-0.061829936,-0.53599656,-0.31774816,0.6492254,-0.92379665,0.38676924,-0.71078634,-0.8399393,-0.2799055,-0.5235296,0.32593426,0.6664401,0.5612024,0.9495942,2.1451821,0.9132387,-0.1885914
1559,0.16643703,0.64181834,-1.1441101,-0.062409997,-0.5465457,-0.32078657,0.644735,-0.9200093,0.37840146,-0.7113699,-0.83917844,-0.28138694,-0.5187825,0.320028,0.6715154,0.5656558,0.9546583,2.1246884,0.91178334,-0.1846919
8,0.16617906,0.6417802,-1.144026,-0.06239643,-0.54660684,-0.32089484,0.6448687,-0.9201361,0.37831068,-0.71145004,-0.8392229,-0.2818691,-0.51860654,0.3198839,0.67137396,0.56601924,0.95476216,2.1245039,0.9120895,-0.18455797
0,0.16531423,0.6410874,-1.1442643,-0.06254913,-0.54617614,-0.32064286,0.64512885,-0.92063206,0.3788314,-0.71135956,-0.8392593,-0.28156775,-0.5197488,0.32168558,0.67068946,0.56506956,0.9547968,2.1273239,0.91249335,-0.18512398
1582,0.16618356,0.6417717,-1.1439979,-0.06245668,-0.5467561,-0.32087034,0.6448239,-0.92011786,0.3783186,-0.71142435,-0.8392523,-0.2818355,-0.51866287,0.32003456,0.67138,0.56590724,0.9548973,2.1246057,0.91210544,-0.18460517
0,0.16633435,0.6417971,-1.1441228,-0.062376857,-0.5465201,-0.32079273,0.64478046,-0.92001724,0.37840953,-0.71139115,-0.83920115,-0.28149968,-0.51876813,0.3200112,0.6714675,0.5657321,0.9546461,2.124708,0.9118694,-0.18465182
0,0.16499431,0.64121306,-1.143577,-0.06284108,-0.5473698,-0.32083473,0.64515024,-0.9208018,0.37851793,-0.7113947,-0.8394457,-0.28263587,-0.5192669,0.32150868,0.6705185,0.5656479,0.95605546,2.1264472,0.9130732,-0.18490544
4135,0.16628437,0.64181083,-1.1440245,-0.06242119,-0.5466255,-0.32085723,0.64481145,-0.9200829,0.3783458,-0.7114112,-0.8392134,-0.28166798,-0.5186772,0.31994122,0.67144233,0.5658461,0.95475847,2.1245725,0.91194946,-0.18461135
0,0.16625309,0.6417752,-1.1440887,-0.06239612,-0.5465845,-0.32083613,0.6448134,-0.9200789,0.37836456,-0.7114165,-0.8392185,-0.28168273,-0.5187055,0.31999475,0.6714201,0.5658583,0.954716,2.1246586,0.91199416,-0.18462065
0,0.1661131,0.64174086,-1.1440276,-0.062441338,-0.54677093,-0.32083407,0.64481956,-0.9201131,0.37834382,-0.71142554,-0.8392537,-0.281865,-0.5187459,0.3201546,0.6713425,0.5658617,0.9548985,2.1247897,0.91215765,-0.1846234
4145,0.1641542,0.6407696,-1.1433947,-0.062934026,-0.5474844,-0.3208994,0.6453516,-0.92138755,0.37847382,-0.71153563,-0.83920366,-0.28369528,-0.5195298,0.32220158,0.6698803,0.5659879,0.9564471,2.1275775,0.9138638,-0.18510203
688,0.16611555,0.6417769,-1.1439233,-0.062494494,-0.54687035,-0.32087368,0.6448377,-0.92014074,0.37829304,-0.7114414,-0.83928394,-0.281941,-0.51867557,0.32007903,0.6713492,0.56591195,0.955015,2.1246147,0.9121852,-0.18457848
0,0.1627005,0.638992,-1.1454633,-0.062363196,-0.5430083,-0.3208004,0.6468849,-0.92295516,0.37982988,-0.7116308,-0.8390802,-0.28238797,-0.5211333,0.3242457,0.6679894,0.56535643,0.9531891,2.1326559,0.91450995,-0.18584122
0,0.16385575,0.6404639,-1.143678,-0.06280959,-0.5458534,-0.32046074,0.6458219,-0.9213869,0.3795947,-0.7113589,-0.8392604,-0.28233796,-0.5203249,0.32253432,0.6695837,0.5649002,0.95564145,2.129481,0.91316605,-0.18552692
0,0.16616078,0.6417706,-1.144003,-0.06242738,-0.546714,-0.32088414,0.64484525,-0.92012817,0.3783087,-0.71143764,-0.839238,-0.28188735,-0.5186354,0.31997597,0.67137015,0.5659786,0.9548586,2.124563,0.9121211,-0.18458302
1621,0.16633675,0.6417885,-1.1441212,-0.062388074,-0.54652,-0.3207965,0.64477897,-0.92001647,0.37840652,-0.7113932,-0.83920205,-0.28150016,-0.5187663,0.32001075,0.6714807,0.5657373,0.9546509,2.1247067,0.9118675,-0.18465897
125,0.16623926,0.64174443,-1.1440947,-0.062408805,-0.5465916,-0.3208476,0.6448215,-0.920105,0.37835693,-0.7114098,-0.8392208,-0.2816832,-0.5187271,0.3200615,0.6714012,0.56584626,0.9547283,2.124712,0.9120182,-0.18463881
699,0.16621661,0.6417743,-1.1439884,-0.062496863,-0.5467868,-0.32081398,0.6447824,-0.9200773,0.37834698,-0.7114059,-0.83927405,-0.2816764,-0.51878196,0.320187,0.671402,0.56571037,0.9548972,2.124763,0.9120552,-0.1846451
0,0.16343765,0.64045525,-1.1432937,-0.063171424,-0.54785174,-0.32129034,0.64581364,-0.9219597,0.37807602,-0.71174884,-0.83968365,-0.28490072,-0.5191583,0.32243463,0.669376,0.56684196,0.9568961,2.1272495,0.91510427,-0.18473443
0,0.16240866,0.63971245,-1.1428689,-0.06334146,-0.5471047,-0.32117024,0.64626753,-0.9226608,0.37876835,-0.7116084,-0.8393057,-0.28506735,-0.5198021,0.3234635,0.6684524,0.56632626,0.956975,2.129724,0.9153179,-0.18544134
0,0.1632361,0.64045286,-1.1428361,-0.06335934,-0.5486077,-0.32134384,0.6457535,-0.92202127,0.37791342,-0.71173596,-0.83969414,-0.28547716,-0.51896375,0.32254854,0.6692497,0.5670621,0.957605,2.1269946,0.91543275,-0.1847321
0,0.16522615,0.6407115,-1.1447883,-0.062381543,-0.5449332,-0.32025906,0.6453093,-0.92069405,0.37972006,-0.7110624,-0.83916533,-0.2801319,-0.52057135,0.32246456,0.6704192,0.5640273,0.9541174,2.1292958,0.9118388,-0.18570727
0,0.16631845,0.64182293,-1.1440655,-0.062399626,-0.54656976,-0.32080802,0.64477193,-0.9200264,0.37839717,-0.7113849,-0.83918965,-0.28153306,-0.518758,0.31999665,0.67147636,0.5657092,0.95469457,2.1247034,0.9118616,-0.18465903
0,0.1660167,0.6417106,-1.1439092,-0.06253872,-0.5470308,-0.32075652,0.64477676,-0.9200454,0.37836903,-0.7114328,-0.8393257,-0.28195286,-0.51884186,0.32035318,0.671349,0.5657454,0.95517284,2.1249385,0.91225624,-0.18465546
0,0.16543224,0.64137506,-1.1438346,-0.06270566,-0.54725295,-0.32079124,0.64498484,-0.92039204,0.37840718,-0.71145207,-0.8394846,-0.28239885,-0.5190544,0.32104662,0.6709107,0.56579256,0.95560396,2.1256979,0.91285026,-0.18473226
0,0.1652116,0.64122605,-1.1438034,-0.062603794,-0.5464446,-0.3202815,0.6449253,-0.92051667,0.3792955,-0.71116185,-0.8389611,-0.28128594,-0.5201097,0.3218912,0.6705879,0.5644347,0.95543003,2.1280923,0.9120232,-0.18551496
0,0.16337872,0.640381,-1.1435511,-0.062777475,-0.5460588,-0.32063717,0.64592,-0.9215968,0.3794396,-0.7113961,-0.839172,-0.2831021,-0.52021074,0.3226133,0.66932243,0.56523377,0.9557854,2.1296284,0.9136206,-0.18548064
0,0.1642139,0.64108855,-1.1431068,-0.06296961,-0.54767925,-0.320776,0.645315,-0.9209652,0.37868842,-0.71141946,-0.839451,-0.28334075,-0.51938343,0.32176584,0.67012346,0.5656728,0.956614,2.1271243,0.9135045,-0.1849579
0,0.16278186,0.6390755,-1.1454525,-0.062286723,-0.54305637,-0.32091433,0.64677775,-0.9230298,0.3796389,-0.7115917,-0.8389212,-0.2825945,-0.52107877,0.32410616,0.66803694,0.5654808,0.95329285,2.1323924,0.91447943,-0.18580146
0,0.16614893,0.64174885,-1.1440344,-0.06243981,-0.546714,-0.320825,0.64481604,-0.9200884,0.37834996,-0.71143943,-0.83925134,-0.28180334,-0.51876646,0.32012784,0.6713889,0.56581724,0.9548248,2.1247976,0.9121019,-0.18462047
0,0.16605031,0.6416145,-1.1441679,-0.062425412,-0.54654026,-0.32089946,0.64491814,-0.92027414,0.378292,-0.7114674,-0.83927023,-0.28189105,-0.5187868,0.32027644,0.6712386,0.56594974,0.9546944,2.1249268,0.912303,-0.18460838
0,0.16512874,0.64125735,-1.1438098,-0.06274855,-0.5473198,-0.32097918,0.64515704,-0.9207449,0.378231,-0.71154004,-0.8395138,-0.2829194,-0.5190023,0.3212099,0.67063886,0.56607467,0.9557155,2.1258235,0.91329896,-0.18465436
0,0.163492,0.6404411,-1.1435846,-0.06278658,-0.54636514,-0.32037538,0.64569575,-0.9212449,0.37958726,-0.71140087,-0.8391205,-0.2830751,-0.5203739,0.32271555,0.6694446,0.56503767,0.9562254,2.1296875,0.91352594,-0.18561003
0,0.16600804,0.64173657,-1.143925,-0.06252047,-0.54704124,-0.32081,0.6448075,-0.92008334,0.3783292,-0.7114427,-0.8393275,-0.2820421,-0.5187699,0.3202689,0.67132443,0.56584907,0.955183,2.1248147,0.9122941,-0.18461159
0,0.16231759,0.6389882,-1.1475211,-0.058119178,-0.53420126,-0.32130003,0.6484037,-0.92256325,0.3816591,-0.7111038,-0.8370806,-0.28124484,-0.51646197,0.31499714,0.66725945,0.57242215,0.94659215,2.1265426,0.9110397,-0.18445757
205,0.16615908,0.64173186,-1.144063,-0.062427677,-0.5466706,-0.32087523,0.6448458,-0.920146,0.37832195,-0.711431,-0.8392456,-0.28184107,-0.51868343,0.32006863,0.67135364,0.56593597,0.9548109,2.1246784,0.9121386,-0.18460992
0,0.16551682,0.64148027,-1.1438317,-0.062605105,-0.5472795,-0.32080847,0.64491093,-0.9203337,0.37835264,-0.71144295,-0.8393713,-0.28251547,-0.5189072,0.32080805,0.67096865,0.5659464,0.9555906,2.125407,0.91280425,-0.18471903
0,0.1662602,0.6417617,-1.1441269,-0.062367678,-0.5464856,-0.32084453,0.6448342,-0.92008436,0.37836972,-0.7114223,-0.83920574,-0.28165132,-0.5187075,0.31996754,0.6714211,0.5658734,0.954621,2.1246648,0.911975,-0.18461606
0,0.16633257,0.64179695,-1.1441333,-0.062357783,-0.5464457,-0.3208139,0.6448022,-0.9200511,0.37840828,-0.711395,-0.83917934,-0.2815129,-0.5187359,0.31994775,0.6714556,0.5657819,0.95458496,2.1246834,0.91185987,-0.18464501
0,0.16625448,0.6417739,-1.1441046,-0.062385343,-0.5465234,-0.32083693,0.6448336,-0.92007697,0.37837872,-0.7114135,-0.8392221,-0.28163373,-0.51871836,0.3199836,0.67141616,0.5658413,0.95466566,2.1246705,0.9119687,-0.18461516
0,0.16553688,0.6414092,-1.1437361,-0.06278831,-0.5472315,-0.32076037,0.64499617,-0.92038184,0.37835327,-0.71152633,-0.8395605,-0.28229782,-0.51907706,0.3210047,0.67096007,0.56572074,0.95555514,2.1255593,0.9128353,-0.18463758
0,0.11500271,0.61770475,-1.1352098,-0.063447036,-0.53249526,-0.31815943,0.666183,-0.9455306,0.39693475,-0.7134708,-0.8491516,-0.32556874,-0.5180625,0.3333392,0.6460066,0.5872205,0.96305686,2.1764908,0.9487772,-0.18783703
4573,0.16431443,0.6409599,-1.1430361,-0.063047364,-0.5477627,-0.3207623,0.6452726,-0.9210989,0.37855428,-0.7115349,-0.8392975,-0.2835027,-0.5195612,0.32199198,0.67014205,0.5656827,0.9567405,2.1273131,0.9135491,-0.1850501
4598,0.16626783,0.64178383,-1.1441,-0.062386345,-0.5465425,-0.32083344,0.6448127,-0.92007303,0.3783725,-0.7114116,-0.83921087,-0.28162584,-0.51873344,0.32000336,0.6714307,0.56580603,0.95466673,2.1246943,0.9119574,-0.18462542
4608,0.16622019,0.64176065,-1.1441028,-0.062394034,-0.5465689,-0.32085297,0.6448357,-0.9201072,0.37835398,-0.7114192,-0.839228,-0.28170508,-0.5187101,0.32002464,0.6713871,0.56586915,0.95470506,2.1246827,0.91203594,-0.18461189
4608,0.16626891,0.6417584,-1.1441035,-0.062409364,-0.5465745,-0.32084316,0.6448221,-0.92009765,0.37835407,-0.71141213,-0.83923227,-0.28164446,-0.5187239,0.32004434,0.6714101,0.5658385,0.95471036,2.1246693,0.9120048,-0.18462653
0,0.16627789,0.64180744,-1.1439884,-0.06248666,-0.5466997,-0.32077497,0.64477915,-0.92001617,0.3784047,-0.7113995,-0.83927554,-0.28153384,-0.51882255,0.32011843,0.67146957,0.5656128,0.9548429,2.1247723,0.9119188,-0.18464768
0,0.16629112,0.6418222,-1.1440611,-0.06240567,-0.5466474,-0.32079822,0.6447644,-0.92001265,0.37839824,-0.7113869,-0.8392069,-0.2815838,-0.5187621,0.32003766,0.67146,0.5657115,0.9547577,2.1247234,0.9119072,-0.18465587
0,0.16475162,0.64126027,-1.1430995,-0.06298685,-0.5482815,-0.32085258,0.64506185,-0.92071307,0.37820274,-0.7115747,-0.8395036,-0.2837171,-0.5189098,0.32132477,0.6704869,0.5662837,0.95682734,2.1257124,0.9136723,-0.1846893
1770,0.16608791,0.641767,-1.1439388,-0.062478174,-0.54687,-0.32089972,0.6448427,-0.92016333,0.37826896,-0.7114476,-0.83926713,-0.28202954,-0.5186273,0.32005006,0.6713336,0.56599474,0.95501006,2.1245708,0.9122365,-0.18457668
0,0.1639421,0.63997877,-1.1449559,-0.062257636,-0.5437719,-0.32018286,0.6459322,-0.92157257,0.38041896,-0.711094,-0.838692,-0.28082246,-0.5213374,0.32343802,0.6693016,0.5638391,0.9539094,2.1320393,0.91241455,-0.1863329
129,0.16639617,0.6418449,-1.1440668,-0.062412523,-0.546568,-0.32076746,0.6447307,-0.9199748,0.37843603,-0.71136534,-0.8391743,-0.28137723,-0.51882905,0.3200456,0.6715298,0.56555957,0.9546812,2.1247864,0.91174716,-0.18470778
4672,0.16512123,0.6411155,-1.1439482,-0.06276075,-0.54708755,-0.3209861,0.64521635,-0.9208293,0.37822685,-0.7115585,-0.83955973,-0.28281268,-0.51903266,0.3213543,0.6705591,0.5661098,0.9554621,2.1259544,0.91340554,-0.18465737
8457,0.16624364,0.64177,-1.1441053,-0.06238558,-0.546616,-0.32084838,0.6448029,-0.92010194,0.3783393,-0.7114097,-0.83919585,-0.2817255,-0.518717,0.32004216,0.67139876,0.5658733,0.9547434,2.1246765,0.91202915,-0.1846355
4681,0.16626108,0.6417449,-1.1441095,-0.06241834,-0.5464802,-0.3208868,0.6448601,-0.9201628,0.37834063,-0.7114221,-0.83922255,-0.28161222,-0.51872694,0.32003403,0.6713942,0.5658263,0.95461386,2.124717,0.9119846,-0.18462121
0,0.16111048,0.63848746,-1.1449049,-0.06210073,-0.54162043,-0.3204071,0.6476132,-0.9236407,0.3817963,-0.7109855,-0.83820784,-0.28238758,-0.52210295,0.32481945,0.66695637,0.5640861,0.9533547,2.1367493,0.9136814,-0.1872622
0,0.1658537,0.64155436,-1.1440141,-0.062565126,-0.5468686,-0.3207538,0.64488566,-0.9201829,0.3784307,-0.7114374,-0.83937997,-0.28191862,-0.51900184,0.32064086,0.6711893,0.56567776,0.95512563,2.12534,0.91239774,-0.18470545
1794,0.16617858,0.64175785,-1.1440668,-0.062402986,-0.54662263,-0.32088065,0.6448504,-0.92015135,0.37834272,-0.71141654,-0.83921623,-0.28179187,-0.51867664,0.32001466,0.67134875,0.56592435,0.9547796,2.1246717,0.91207236,-0.18461388
764,0.16640635,0.6418302,-1.1441238,-0.062362574,-0.5465021,-0.3207806,0.644744,-0.91999614,0.37841958,-0.71137476,-0.83915156,-0.28142273,-0.5187801,0.31997603,0.6715061,0.56568736,0.9546235,2.124699,0.91177225,-0.18468134
4721,0.16624947,0.6417474,-1.1441392,-0.062386822,-0.5465363,-0.3208364,0.6448157,-0.9200899,0.37837473,-0.71140414,-0.83921003,-0.28163096,-0.5187503,0.32007045,0.6714036,0.56581527,0.9546674,2.1247556,0.9119924,-0.18464918
4729,0.16644569,0.64183587,-1.1441905,-0.062347066,-0.5463921,-0.3207439,0.6447371,-0.9199268,0.37846628,-0.7113728,-0.83917046,-0.28126955,-0.51884735,0.31999302,0.6715627,0.5655673,0.9544837,2.12479,0.91169167,-0.18469115
0,0.1663104,0.6417979,-1.1440877,-0.062398456,-0.54654074,-0.32083338,0.6448093,-0.9200579,0.37837297,-0.7114104,-0.83921224,-0.2815829,-0.5187263,0.31997046,0.67146057,0.56579167,0.95466596,2.1246505,0.911911,-0.18462506
0,0.1662687,0.6418118,-1.1440424,-0.06240045,-0.5466226,-0.3208343,0.64479774,-0.92005616,0.3783586,-0.7114177,-0.8392008,-0.2816845,-0.51870763,0.31996053,0.67144936,0.5658253,0.9547408,2.1246328,0.91195166,-0.18461797
0,0.16627455,0.64180106,-1.1440545,-0.062408697,-0.5466102,-0.3208386,0.6448077,-0.92006236,0.3783547,-0.7114174,-0.83921844,-0.2816599,-0.51871336,0.319982,0.6714449,0.56581765,0.9547281,2.1246338,0.9119612,-0.18461435
0,0.16558135,0.6414037,-1.1438708,-0.06266425,-0.5471147,-0.32069963,0.6449016,-0.9203621,0.37852937,-0.7113828,-0.8393425,-0.28207225,-0.5192314,0.32114595,0.670962,0.56551135,0.9555357,2.125997,0.91257274,-0.18490359
0,0.117338635,0.6194759,-1.1345497,-0.06347698,-0.5331928,-0.31836525,0.6650896,-0.9437849,0.3960278,-0.7135357,-0.84868944,-0.3234511,-0.5181131,0.33162692,0.6481621,0.5853323,0.9627183,2.1736813,0.9460074,-0.18721148
0,0.16396949,0.640789,-1.1428783,-0.06286977,-0.54656297,-0.31998473,0.6452802,-0.92081463,0.37998787,-0.71118087,-0.8387265,-0.28221092,-0.52056456,0.32241523,0.66985655,0.5641964,0.95656765,2.1298442,0.91241395,-0.18599054
0,0.16589625,0.641778,-1.1436139,-0.06264029,-0.5473753,-0.320676,0.6447075,-0.9199754,0.3784152,-0.71142876,-0.8393053,-0.28211042,-0.5188986,0.3204136,0.67134494,0.56559557,0.9555694,2.1250455,0.9122586,-0.18469806
4776,0.16532895,0.64125246,-1.143961,-0.06270573,-0.5471018,-0.32086334,0.6450548,-0.9206511,0.3783512,-0.7114798,-0.8394526,-0.28249717,-0.51911414,0.32126394,0.6707241,0.565874,0.955521,2.1259675,0.9130548,-0.18476601
4797,0.16622572,0.6417422,-1.1440829,-0.062384058,-0.5465487,-0.3208444,0.6448314,-0.9201212,0.37837282,-0.71140665,-0.8391903,-0.28170067,-0.51869917,0.32000798,0.6713746,0.5658997,0.95472753,2.124685,0.9120078,-0.18464181
784,0.16631404,0.641761,-1.1440971,-0.062416635,-0.5465148,-0.32084256,0.64481264,-0.9200982,0.37835088,-0.7114168,-0.83920634,-0.28157687,-0.518741,0.32002443,0.6714419,0.5657954,0.95464265,2.124681,0.9119406,-0.18463771
0,0.16465881,0.6407416,-1.1441698,-0.06268288,-0.54684794,-0.32093793,0.6453658,-0.9211303,0.37842512,-0.71151763,-0.83945525,-0.28298923,-0.51938754,0.3219983,0.6701804,0.56612986,0.95561856,2.126991,0.9137098,-0.18494096
410,0.1662933,0.64175427,-1.1441453,-0.062383056,-0.54650354,-0.3208471,0.6448185,-0.9200958,0.3783606,-0.7114086,-0.8392073,-0.2815995,-0.51872915,0.32002655,0.6714199,0.5658371,0.95463264,2.1246886,0.91196615,-0.18463549
4833,0.16489753,0.6412013,-1.1438141,-0.06277931,-0.5470786,-0.32102737,0.64534795,-0.92077446,0.37818843,-0.7116988,-0.8397137,-0.28307915,-0.51897496,0.32110992,0.6706027,0.56616557,0.9553553,2.1258292,0.9135252,-0.18441947
0,0.16478255,0.64149743,-1.1426585,-0.063144445,-0.5487283,-0.320832,0.6449642,-0.9205179,0.37820715,-0.71152973,-0.83954954,-0.28375542,-0.5188108,0.3210729,0.67068756,0.56608254,0.9573126,2.125359,0.9134698,-0.18466094
4854,0.16624717,0.6417435,-1.1440803,-0.06239722,-0.54656106,-0.3208325,0.644809,-0.9201123,0.37836975,-0.7114057,-0.839176,-0.28166634,-0.5187405,0.3200549,0.67139447,0.5658368,0.9547202,2.124743,0.91198385,-0.18466434
0,0.11412444,0.6173868,-1.1360195,-0.062676415,-0.5322684,-0.3187072,0.6663448,-0.94550407,0.3955453,-0.7141501,-0.84885037,-0.32760495,-0.5175952,0.3337434,0.6449896,0.588955,0.96017706,2.176169,0.9510969,-0.1866992
215,0.1662424,0.64175975,-1.1440904,-0.06238985,-0.54657805,-0.32085258,0.6448182,-0.92011356,0.37835056,-0.711411,-0.83919525,-0.2817083,-0.51870346,0.3200123,0.6713978,0.5658844,0.9547275,2.1246645,0.9120102,-0.18463334
1198,0.1662375,0.64178884,-1.1440463,-0.06242938,-0.54664654,-0.32084227,0.64481384,-0.9200838,0.37836108,-0.711411,-0.8392426,-0.2816776,-0.5187141,0.32002974,0.6714146,0.56580687,0.9547777,2.1246731,0.91200334,-0.18462002
496,0.16628155,0.6417779,-1.144097,-0.062391914,-0.5465282,-0.32084027,0.6448168,-0.92008704,0.37836504,-0.7114121,-0.8392086,-0.28162408,-0.51871,0.3199832,0.67142594,0.5658351,0.95466197,2.1246529,0.91195947,-0.18462422
0,0.16429868,0.6409467,-1.1433442,-0.06287227,-0.54742557,-0.32050994,0.64518183,-0.920833,0.3789815,-0.7112937,-0.8393413,-0.2828457,-0.5196842,0.32218203,0.6700732,0.5652981,0.9564894,2.127777,0.9133299,-0.18525903
1876,0.16506019,0.6411694,-1.1440213,-0.06265519,-0.5471405,-0.32092988,0.6451862,-0.92076814,0.37830025,-0.71150696,-0.83953667,-0.2828446,-0.51910776,0.32140258,0.67052853,0.566044,0.955558,2.1260827,0.91339386,-0.18468142
218,0.16652608,0.64186496,-1.1441247,-0.06240462,-0.5465025,-0.32071835,0.644684,-0.9199001,0.3784976,-0.71131957,-0.8391727,-0.28112286,-0.51888025,0.32005852,0.6716015,0.5654227,0.9546279,2.1248047,0.9115858,-0.18475628
218,0.16654447,0.6418872,-1.1441193,-0.062393736,-0.54649365,-0.32070988,0.64467037,-0.91987705,0.37849098,-0.71133345,-0.8391569,-0.2811257,-0.5188832,0.32001987,0.6716286,0.56541455,0.95458925,2.1247897,0.9115592,-0.1847426
218,0.1663497,0.6418472,-1.1440363,-0.062419105,-0.54664296,-0.32076636,0.64472425,-0.9199603,0.37842464,-0.7113751,-0.8391899,-0.28147644,-0.5187968,0.32003373,0.6715252,0.5656067,0.9547478,2.1247497,0.9118074,-0.18469088
218,0.16636403,0.6418417,-1.14408,-0.062406503,-0.5465679,-0.3207728,0.64474285,-0.91997683,0.37843665,-0.71136945,-0.839197,-0.28141242,-0.51881325,0.32003832,0.67151713,0.5655841,0.9546813,2.1247776,0.9117842,-0.18468843
218,0.16632657,0.64182985,-1.144058,-0.062410247,-0.54660183,-0.3207683,0.64474106,-0.9199789,0.37843284,-0.71137416,-0.83919317,-0.28147635,-0.51880515,0.32005107,0.6715018,0.5656114,0.95471793,2.1247873,0.9118263,-0.18469171
413,0.16620405,0.64176613,-1.1440732,-0.06238719,-0.5466127,-0.32086334,0.644832,-0.92010766,0.37833077,-0.71143496,-0.83920383,-0.28181273,-0.51866937,0.3199719,0.6713878,0.5659498,0.9547431,2.1246188,0.91206646,-0.18460205
4891,0.16625436,0.64182645,-1.1439929,-0.062436033,-0.5467351,-0.32083535,0.64478314,-0.92004263,0.37834173,-0.71141446,-0.8392271,-0.28173977,-0.5186789,0.319963,0.6714519,0.56583977,0.9548589,2.1245606,0.9119903,-0.18460885
4901,0.16433053,0.64005536,-1.1450398,-0.06253137,-0.5446941,-0.32089978,0.64593387,-0.9218685,0.37910557,-0.7113825,-0.83935374,-0.28163198,-0.5203215,0.32299882,0.66957885,0.56523144,0.95402354,2.1295116,0.91339415,-0.18542396
4901,0.16577625,0.6412445,-1.144357,-0.062564924,-0.5462346,-0.32075182,0.6450503,-0.92052287,0.37863666,-0.71134096,-0.8393453,-0.28132918,-0.5194762,0.32133535,0.6709356,0.56521016,0.95465964,2.126493,0.91231126,-0.18497536
4912,0.16616695,0.6417605,-1.1440375,-0.06241367,-0.546625,-0.32089353,0.64486504,-0.92014474,0.378323,-0.71143556,-0.83923036,-0.28183275,-0.5186567,0.3199754,0.6713692,0.5659491,0.95476687,2.1246252,0.9120866,-0.1845878
0,0.16412926,0.64088744,-1.1430596,-0.06296621,-0.5477457,-0.32071146,0.6452578,-0.92107904,0.37857985,-0.7115466,-0.8392518,-0.28370586,-0.51964414,0.3221759,0.670079,0.56566405,0.95669734,2.1276107,0.91373605,-0.18511115
4915,0.16619548,0.6417391,-1.1440977,-0.062396657,-0.5466168,-0.32086504,0.64483106,-0.9201294,0.37832993,-0.71142477,-0.8392105,-0.2817971,-0.51869905,0.3200466,0.6713704,0.5659282,0.9547548,2.124681,0.91208774,-0.18462113
0,0.16578229,0.64167035,-1.1438498,-0.06256393,-0.5472892,-0.3206726,0.6447516,-0.92005366,0.3784326,-0.71141803,-0.83935845,-0.28216678,-0.51896477,0.32064325,0.6712178,0.5656628,0.9554718,2.125278,0.9124662,-0.18471456
0,0.16367722,0.6396967,-1.1441783,-0.06280309,-0.5444418,-0.32050267,0.64608186,-0.9220295,0.37975392,-0.71146166,-0.8388462,-0.28192067,-0.5208872,0.3234541,0.6691042,0.5646484,0.95437765,2.1313035,0.91329324,-0.18603742
1897,0.16628835,0.64184356,-1.1439826,-0.062443864,-0.54670507,-0.32084876,0.6447849,-0.9200565,0.378331,-0.7114085,-0.83922327,-0.28168514,-0.51867586,0.3199429,0.67146456,0.56581193,0.9548259,2.1245315,0.9119527,-0.18460655
0,0.15707973,0.63557136,-1.1450918,-0.061468326,-0.53545177,-0.3178506,0.64963996,-0.9245634,0.38698044,-0.71058357,-0.8397501,-0.28029436,-0.52371633,0.3270312,0.66542476,0.56183225,0.949117,2.1466236,0.91402835,-0.18900576
1911,0.16625366,0.6417453,-1.1441585,-0.062369145,-0.5464584,-0.3208579,0.64485085,-0.9201153,0.37836176,-0.7114215,-0.83921814,-0.28163046,-0.5187361,0.32001954,0.67140186,0.5658509,0.9545884,2.1247194,0.91199076,-0.18461454
4963,0.16621915,0.6417584,-1.1440418,-0.06244426,-0.5466754,-0.3208595,0.64481586,-0.92012167,0.37834415,-0.7114075,-0.83923185,-0.28171676,-0.5187212,0.3200872,0.67139316,0.56582195,0.9548086,2.1247196,0.912038,-0.18464217
4984,0.16475794,0.64093506,-1.1434759,-0.06296928,-0.5467369,-0.32067496,0.6453463,-0.92106485,0.37886184,-0.71135855,-0.83939326,-0.2821436,-0.51971453,0.32195997,0.67021704,0.56515723,0.9558587,2.1274846,0.9129516,-0.18514928
4984,0.16571502,0.64161766,-1.1436447,-0.062729575,-0.54734826,-0.3208342,0.64488524,-0.92027485,0.37826666,-0.71148336,-0.8394348,-0.28235084,-0.5188421,0.32060915,0.6711279,0.56581587,0.95557135,2.1250622,0.91263855,-0.18461637
4986,0.16618702,0.6417697,-1.1439663,-0.06250243,-0.5468583,-0.320815,0.644786,-0.92005634,0.37832278,-0.7114315,-0.8392989,-0.28180218,-0.5187605,0.3201605,0.67142475,0.5657735,0.9549683,2.1247025,0.9121164,-0.18461238
1924,0.1662085,0.64180034,-1.1439686,-0.062444758,-0.5468129,-0.32082412,0.64478093,-0.92005426,0.37834153,-0.7114138,-0.8392361,-0.28181884,-0.518674,0.3200147,0.67141473,0.5658824,0.9549595,2.1245751,0.91205996,-0.18461718
0,0.16561535,0.6415641,-1.1435876,-0.06271702,-0.5471691,-0.32046965,0.6447174,-0.92016286,0.37878823,-0.7112726,-0.839172,-0.28170183,-0.5194825,0.3212087,0.67107576,0.56490785,0.9556796,2.1264398,0.9121469,-0.18513905
0,0.16649373,0.64186126,-1.1441332,-0.06237966,-0.546471,-0.3207344,0.6447024,-0.91991884,0.37847257,-0.71134543,-0.83915883,-0.28120953,-0.5188505,0.32001245,0.67157984,0.56550205,0.9545767,2.1247747,0.9116337,-0.18472394
5043,0.16617694,0.64173776,-1.1440519,-0.062433828,-0.54667103,-0.32087272,0.6448358,-0.92015016,0.37832952,-0.711416,-0.8392315,-0.28179583,-0.5186974,0.3200861,0.67135155,0.5658957,0.95482314,2.1246989,0.91210574,-0.18462923
0,0.16606379,0.6415986,-1.1440885,-0.06253411,-0.5467866,-0.32078138,0.64483654,-0.9201358,0.378388,-0.71141636,-0.8393496,-0.2817387,-0.51891977,0.320516,0.67128766,0.5656997,0.9549673,2.125114,0.91225874,-0.18470088
0,0.16579235,0.6416912,-1.143651,-0.06270508,-0.54736656,-0.3208405,0.64485884,-0.92017734,0.3782509,-0.7114984,-0.8394319,-0.28233814,-0.5188137,0.32046095,0.6712557,0.56581503,0.9555276,2.1249218,0.9125325,-0.18457921
0,0.1645976,0.640989,-1.1438717,-0.06275737,-0.5474556,-0.3208805,0.6452566,-0.92093575,0.37838525,-0.7115043,-0.8395832,-0.28330794,-0.5191658,0.3218,0.67018706,0.56616706,0.9560506,2.1265385,0.9138505,-0.1847791
0,0.16504452,0.64113486,-1.143757,-0.06277607,-0.5469429,-0.32075363,0.64518917,-0.9207349,0.37854496,-0.71148866,-0.839462,-0.28246397,-0.5193889,0.3214934,0.6705875,0.56559026,0.9555696,2.1265843,0.9130499,-0.18485054
5104,0.16627829,0.64174753,-1.144153,-0.06237761,-0.54649675,-0.3208372,0.64482045,-0.9200951,0.3783621,-0.7114175,-0.83921146,-0.28161627,-0.5187434,0.32004416,0.67141235,0.5658315,0.9546118,2.1247203,0.9119871,-0.18462923
5104,0.16621356,0.64175516,-1.1440898,-0.062406313,-0.5465999,-0.3208581,0.6448241,-0.92011416,0.37832266,-0.71143734,-0.8392208,-0.28176135,-0.5187143,0.32004517,0.6713945,0.56587774,0.9547079,2.1246858,0.9120716,-0.18460949
5106,0.1648126,0.6411395,-1.1438315,-0.06272521,-0.5474536,-0.3210985,0.6452505,-0.9209752,0.37799802,-0.7116531,-0.8395214,-0.28363046,-0.518903,0.32135242,0.6703989,0.5665003,0.9557859,2.1257885,0.913898,-0.18454412
9007,0.16579151,0.64158803,-1.1439271,-0.06255205,-0.5470174,-0.320926,0.6449522,-0.920333,0.37822065,-0.71150655,-0.8393747,-0.28236556,-0.5187289,0.3204117,0.6711207,0.56609166,0.9551916,2.1249049,0.91263723,-0.18455653
0,0.15705244,0.6364847,-1.1430794,-0.062630914,-0.53916806,-0.31862873,0.6490842,-0.9239084,0.38559747,-0.71080464,-0.8405039,-0.28249633,-0.5221733,0.32566643,0.6665213,0.5627773,0.9524973,2.1427639,0.91478205,-0.18806317
37,0.16625118,0.6417948,-1.144079,-0.06238719,-0.5465932,-0.32082528,0.6448,-0.9200575,0.37838244,-0.71140295,-0.83920276,-0.28165936,-0.518719,0.31999835,0.671423,0.5658129,0.9547216,2.1246877,0.9119638,-0.18463603
37,0.16634455,0.64179426,-1.1441475,-0.06236925,-0.5464715,-0.32082382,0.64479625,-0.92004573,0.3783914,-0.7113959,-0.8391956,-0.28149804,-0.51875067,0.31998944,0.6714703,0.5657522,0.9545767,2.1247041,0.9118675,-0.18464589
0,0.16527614,0.64125794,-1.1434739,-0.06290827,-0.54750204,-0.3206621,0.6449312,-0.9205066,0.37851506,-0.711392,-0.8393957,-0.28242686,-0.51926535,0.32145974,0.67075604,0.56552577,0.956107,2.126186,0.91291296,-0.18498151
0,0.16581592,0.6416398,-1.1437055,-0.062637486,-0.54731077,-0.32073456,0.6447541,-0.92015904,0.3783866,-0.7114043,-0.83926237,-0.28216177,-0.5189714,0.3206726,0.6712038,0.5656257,0.95554906,2.125321,0.9123915,-0.18478593
0,0.16630931,0.6418028,-1.1440413,-0.06240965,-0.54663694,-0.32079774,0.6447531,-0.9200352,0.37839398,-0.711381,-0.8391695,-0.28157777,-0.5187667,0.32004768,0.67145836,0.56571984,0.9547737,2.1247334,0.91188633,-0.18468627
1995,0.16518977,0.64108485,-1.1441238,-0.062640354,-0.5469362,-0.32091227,0.6451541,-0.9208231,0.37831688,-0.71151006,-0.83942556,-0.28265238,-0.51917344,0.32145697,0.670545,0.56604373,0.9554105,2.126198,0.91327685,-0.18478203
5168,0.1662294,0.64172643,-1.1441631,-0.062400926,-0.54651576,-0.32080787,0.64482677,-0.9200889,0.37838882,-0.7114147,-0.8392559,-0.28158197,-0.5188338,0.32016963,0.6714004,0.5657285,0.95463026,2.12488,0.9120148,-0.18463846
0,0.16617307,0.6417471,-1.1440918,-0.0623991,-0.5466076,-0.32086402,0.6448393,-0.9201325,0.3783443,-0.71142447,-0.8392248,-0.2817846,-0.5187005,0.32005167,0.6713591,0.5658982,0.95474035,2.1247165,0.91209143,-0.18461761
5190,0.1661593,0.64170486,-1.1440845,-0.062463474,-0.54664195,-0.32085705,0.64485973,-0.92014754,0.37830752,-0.71146405,-0.8392995,-0.28179312,-0.51875865,0.32015735,0.6713635,0.56586426,0.95475495,2.1247578,0.912173,-0.18458411
0,0.16593885,0.64167917,-1.1439035,-0.062548615,-0.54701185,-0.3208514,0.64484835,-0.920184,0.37830123,-0.7114483,-0.839324,-0.28211066,-0.5187668,0.3203365,0.6712526,0.56589335,0.95517045,2.1248927,0.9123821,-0.18462011
0,0.16533053,0.64157593,-1.1434009,-0.06286355,-0.5478955,-0.32087168,0.64492905,-0.9204248,0.3781907,-0.71151704,-0.8395336,-0.28298962,-0.51881063,0.32083285,0.6709143,0.56599003,0.9561895,2.1251597,0.91309893,-0.1845757
0,0.16521609,0.64138526,-1.1435379,-0.06283949,-0.5476022,-0.3209961,0.64509284,-0.9206074,0.37809435,-0.7116104,-0.83953077,-0.28313598,-0.5187964,0.3208886,0.6707939,0.5662387,0.9558918,2.1252613,0.91329277,-0.18452585
5210,0.16350779,0.6405381,-1.1434813,-0.062943995,-0.5476653,-0.3211373,0.64567196,-0.92181635,0.3783354,-0.7115827,-0.83946383,-0.2844618,-0.5194377,0.32261652,0.6693894,0.5663943,0.95669097,2.127874,0.91471326,-0.18495968
2025,0.16606843,0.64162284,-1.1441376,-0.06244137,-0.5465741,-0.32090345,0.64493555,-0.92026395,0.37829375,-0.7114735,-0.8393,-0.28189912,-0.51875234,0.3202191,0.67125857,0.5659927,0.9547494,2.1248362,0.9122904,-0.18458441
0,0.16235943,0.6392651,-1.1442828,-0.062635146,-0.5447191,-0.3207346,0.64656395,-0.9225939,0.37953424,-0.7116881,-0.8390666,-0.28381673,-0.5207775,0.32392564,0.66828835,0.565694,0.9548327,2.1317978,0.9148778,-0.18573569
5308,0.16341087,0.64000905,-1.1440897,-0.06260314,-0.54492915,-0.3205285,0.64605516,-0.9218508,0.3797137,-0.71138996,-0.83899814,-0.28246146,-0.52067447,0.32306328,0.66915363,0.5648925,0.95490026,2.1307292,0.91344434,-0.1857525
0,0.16279535,0.63960534,-1.1446017,-0.06238004,-0.54440826,-0.32049257,0.646334,-0.92213565,0.37995988,-0.7114656,-0.83886623,-0.282834,-0.5209955,0.32365078,0.6685629,0.5650848,0.9546112,2.1319551,0.9139496,-0.18593319
5310,0.16605528,0.6416852,-1.1440548,-0.062451303,-0.54675996,-0.32089135,0.6448649,-0.9202264,0.37827173,-0.7114521,-0.83926105,-0.28199187,-0.5187291,0.32022586,0.6712619,0.56596524,0.9548885,2.1247966,0.91230285,-0.18460426
424,0.16592507,0.64155114,-1.1441486,-0.062464487,-0.54663783,-0.3208114,0.64491415,-0.92022645,0.37838626,-0.71145326,-0.83933353,-0.28188533,-0.51890194,0.32048994,0.6711781,0.5658365,0.9548241,2.125196,0.91238195,-0.1846532
0,0.1621261,0.6387676,-1.144501,-0.06250318,-0.54148734,-0.32014188,0.6474321,-0.9231204,0.381687,-0.71114933,-0.83879006,-0.28101832,-0.52202344,0.32431394,0.66788113,0.56342363,0.9528821,2.13548,0.9129683,-0.18692079
0,0.1646384,0.6409201,-1.1432213,-0.06302719,-0.54735184,-0.3205238,0.6451091,-0.9208354,0.37882894,-0.71136796,-0.83932495,-0.28261393,-0.5195712,0.32201254,0.6702572,0.56539,0.95646936,2.1272454,0.9131945,-0.18524686
0,0.16514662,0.6414183,-1.14308,-0.06303004,-0.5481513,-0.3206949,0.6448604,-0.9204465,0.3784073,-0.71139824,-0.8394619,-0.28288284,-0.51900625,0.32126898,0.6707367,0.5657313,0.9567668,2.125662,0.9130856,-0.1848721
5325,0.16602902,0.64166296,-1.1440607,-0.062450133,-0.54674894,-0.3208712,0.64487094,-0.9201996,0.37829572,-0.71146286,-0.8392746,-0.28199613,-0.5187436,0.3202324,0.67126894,0.5659729,0.95490074,2.1248207,0.9123104,-0.18460543
0,0.15275124,0.63392746,-1.1427591,-0.062777355,-0.53955936,-0.31960207,0.6507355,-0.9270506,0.38478225,-0.7115673,-0.8410095,-0.2879039,-0.521521,0.3287329,0.66282266,0.56598,0.9518994,2.1462169,0.92048645,-0.18755098
0,0.16241395,0.63962966,-1.1438938,-0.06279353,-0.54580593,-0.3209767,0.6463436,-0.9226152,0.3791884,-0.71153915,-0.83913267,-0.28432506,-0.5203727,0.32373413,0.66833603,0.5658477,0.95571744,2.1309118,0.9150173,-0.18556568
0,0.11056445,0.61629987,-1.1345437,-0.062327087,-0.5331106,-0.31849855,0.6663908,-0.94741184,0.3954689,-0.7145466,-0.8473296,-0.33361948,-0.5171333,0.33490896,0.64270455,0.59140986,0.96031797,2.1798573,0.9547348,-0.18738832
0,0.16191992,0.63972086,-1.1433948,-0.062893674,-0.54709435,-0.32111973,0.64631814,-0.9225915,0.3787791,-0.71172047,-0.8392254,-0.28596526,-0.5198043,0.32334173,0.6681522,0.5670184,0.9571142,2.1297812,0.91586244,-0.18522704
0,0.16277151,0.64021426,-1.1434038,-0.06308391,-0.54817593,-0.3214213,0.6459752,-0.9224044,0.37792295,-0.7118379,-0.83965,-0.28595406,-0.51914936,0.3228836,0.66878575,0.5674555,0.95741415,2.127654,0.9159873,-0.18469135
871,0.16528621,0.6413595,-1.1439844,-0.062563,-0.54711246,-0.32096833,0.64510214,-0.9205615,0.37822288,-0.71154606,-0.8394529,-0.28287074,-0.5188048,0.32081136,0.67076,0.56630605,0.95540893,2.1253839,0.91317874,-0.18456109
5369,0.15312676,0.63398,-1.142577,-0.06316988,-0.540208,-0.31974956,0.650582,-0.926918,0.38398856,-0.71202815,-0.8414196,-0.28853026,-0.52091694,0.32810575,0.6633772,0.566962,0.95234126,2.144191,0.9210947,-0.1870034
0,0.16426411,0.64054245,-1.1436408,-0.06297909,-0.54691803,-0.32083902,0.6454674,-0.9214903,0.37865266,-0.71147597,-0.83934677,-0.28299993,-0.5197774,0.32257336,0.6698585,0.56560916,0.95605785,2.1280866,0.91373235,-0.18524341
0,0.15295343,0.6347664,-1.1410027,-0.0638179,-0.5423312,-0.32019967,0.650286,-0.92626506,0.38384706,-0.71155477,-0.8416878,-0.28913036,-0.52004606,0.32706654,0.66396964,0.56681144,0.95480835,2.1423726,0.9206535,-0.18693647
2079,0.16614398,0.64176553,-1.1440417,-0.062398396,-0.54663837,-0.32090703,0.64487255,-0.92015725,0.37829494,-0.71145695,-0.8392228,-0.28193358,-0.5186196,0.31993034,0.67135525,0.5660345,0.9547725,2.1245606,0.91214085,-0.18456092
5392,0.1660471,0.64173615,-1.1439183,-0.0625383,-0.54701245,-0.32082415,0.6448103,-0.9201031,0.37828904,-0.711456,-0.839341,-0.28200454,-0.51876885,0.32026634,0.67134476,0.5658466,0.9551239,2.12476,0.9122955,-0.18458942
0,0.15680441,0.6345818,-1.1458219,-0.061297633,-0.532128,-0.31755996,0.65033525,-0.9259325,0.3877735,-0.7110067,-0.83895284,-0.2791025,-0.52503264,0.32851177,0.66413766,0.5605459,0.9454889,2.1510453,0.91381705,-0.1897395
0,0.16607893,0.6417541,-1.1439033,-0.062557474,-0.5469866,-0.32076293,0.6447834,-0.92004853,0.37839213,-0.7114123,-0.83934087,-0.28179345,-0.51888216,0.32035714,0.6713773,0.56560063,0.9551155,2.1249845,0.9121486,-0.18466198
5419,0.16513462,0.64117223,-1.14378,-0.06288521,-0.54733753,-0.3210591,0.6452367,-0.9208043,0.37813038,-0.7116,-0.8396886,-0.28295225,-0.51889765,0.32119972,0.6706643,0.56620073,0.95568484,2.1255937,0.9134404,-0.18454081
0,0.16439855,0.6412905,-1.1427916,-0.06317695,-0.54892206,-0.32101688,0.64517546,-0.9207733,0.3780529,-0.7116071,-0.8397539,-0.2844165,-0.51859665,0.32123822,0.67035586,0.5666479,0.9575001,2.125264,0.9141534,-0.18450014
0,0.16439669,0.6409497,-1.1430115,-0.06296524,-0.5477589,-0.32061046,0.6451151,-0.9209162,0.37867683,-0.7114783,-0.8391658,-0.28336057,-0.5195681,0.32195157,0.6702565,0.5656549,0.956738,2.1273632,0.9133703,-0.18519089
0,0.1598763,0.638188,-1.1441693,-0.06277205,-0.5433153,-0.32129487,0.64809424,-0.9244008,0.38042694,-0.7116233,-0.8392604,-0.28529817,-0.52076244,0.32461202,0.6664177,0.5662268,0.9542316,2.134787,0.91624755,-0.18600678
5443,0.16392429,0.6404675,-1.1434958,-0.06309315,-0.5471011,-0.32101402,0.64570224,-0.92180073,0.37838516,-0.7116865,-0.8395416,-0.28370512,-0.5195691,0.3224913,0.669565,0.56616515,0.9563408,2.1276932,0.91434306,-0.18492179
2109,0.16630653,0.64182436,-1.1440943,-0.06237607,-0.5465578,-0.32080206,0.64477664,-0.9200053,0.37840176,-0.7113999,-0.8391956,-0.28156883,-0.5187478,0.3199716,0.6714802,0.5657411,0.9546684,2.1246934,0.91188115,-0.18464188
0,0.16398653,0.64040214,-1.1439162,-0.062874354,-0.5464772,-0.32102343,0.64575064,-0.92174566,0.37858954,-0.71156687,-0.8394373,-0.28323737,-0.51966643,0.32249928,0.669601,0.56600636,0.9556669,2.1281111,0.91406786,-0.1850822
0,0.16314714,0.6400229,-1.1434772,-0.062924266,-0.54630774,-0.3206363,0.6460031,-0.92171305,0.37927955,-0.71152437,-0.8392989,-0.2836935,-0.52018344,0.32291007,0.66919804,0.56569743,0.95627385,2.129523,0.91420555,-0.18547174
5479,0.16568272,0.64143157,-1.1438658,-0.06262165,-0.54677564,-0.32042572,0.64477414,-0.9202091,0.37897533,-0.7111894,-0.8391035,-0.2812845,-0.5196985,0.32143527,0.6709986,0.56469923,0.95539486,2.1269593,0.9119444,-0.18529908
0,0.1653492,0.64118195,-1.1437616,-0.062800184,-0.5471953,-0.3206745,0.6450015,-0.9205407,0.37859687,-0.711368,-0.83939636,-0.28217995,-0.5193923,0.32152912,0.67077047,0.56549054,0.95587647,2.1263998,0.91278136,-0.18502134
2119,0.16534528,0.6413823,-1.1436174,-0.06274152,-0.5472003,-0.3206327,0.64493513,-0.92045087,0.3786556,-0.7113539,-0.8392625,-0.28212655,-0.5194588,0.32138497,0.6708251,0.5652318,0.95579565,2.1265244,0.91255414,-0.1850358
2119,0.16623549,0.64180315,-1.144016,-0.062426306,-0.5466934,-0.32082692,0.6447872,-0.9200605,0.37836114,-0.7114088,-0.8392149,-0.28170758,-0.51872975,0.32003468,0.6714344,0.5657863,0.9548189,2.1246896,0.91198814,-0.18463922
0,0.16118968,0.63886493,-1.1442313,-0.06276937,-0.54557055,-0.321506,0.6468953,-0.9237936,0.3787326,-0.7118038,-0.83903396,-0.28607026,-0.52021515,0.32460004,0.6671186,0.56708634,0.955554,2.1318629,0.9167746,-0.1855088
0,0.16433349,0.6413878,-1.1422751,-0.06323435,-0.5490998,-0.32045802,0.6448156,-0.92055404,0.37872806,-0.71130353,-0.83934337,-0.2837293,-0.5192625,0.32174596,0.6703427,0.5654782,0.95812875,2.1266727,0.9133984,-0.18514685
0,0.11382315,0.61789966,-1.1348917,-0.06239102,-0.5271237,-0.3145741,0.66660863,-0.945278,0.40177074,-0.7136534,-0.84766996,-0.3242144,-0.5210844,0.33237433,0.6458168,0.5831126,0.9601302,2.1852765,0.945419,-0.18955338
0,0.11379993,0.61789477,-1.1348838,-0.062392257,-0.5271174,-0.31456664,0.66661435,-0.9452866,0.40178305,-0.7136562,-0.8476717,-0.3242377,-0.5210846,0.3323734,0.64580756,0.5831171,0.9601351,2.1853027,0.94543266,-0.18955581
2130,0.16551518,0.64134514,-1.1440008,-0.0626685,-0.54686564,-0.32093257,0.6451217,-0.9205497,0.3782142,-0.71158946,-0.83955705,-0.28241625,-0.51895875,0.32088327,0.6709128,0.56598246,0.9550743,2.1254544,0.9129834,-0.18452775
0,0.16231759,0.6389882,-1.1475211,-0.058119178,-0.53420126,-0.32130003,0.6484037,-0.92256325,0.3816591,-0.7111038,-0.8370806,-0.28124484,-0.51646197,0.31499714,0.66725945,0.57242215,0.94659215,2.1265426,0.9110397,-0.18445757
5525,0.15308997,0.6356888,-1.1395466,-0.06445342,-0.54509985,-0.32032472,0.6495989,-0.9255333,0.38267297,-0.7120602,-0.84215623,-0.29091287,-0.5189347,0.32577914,0.6648029,0.56778395,0.95715773,2.1388469,0.92144376,-0.18590096
0,0.15684739,0.6361833,-1.1435745,-0.062414277,-0.53881294,-0.31881848,0.6491848,-0.9243388,0.3853608,-0.7108294,-0.84036505,-0.28279012,-0.5220726,0.32605872,0.6659013,0.5633343,0.951754,2.1429722,0.9154169,-0.1879631
0,0.1649762,0.6410788,-1.1433122,-0.06287209,-0.5467717,-0.3202613,0.6450678,-0.92045146,0.37917542,-0.711357,-0.8392391,-0.2818202,-0.51999426,0.3217991,0.6707135,0.56465846,0.9558512,2.1277547,0.9123809,-0.18533811
2149,0.16626236,0.6418127,-1.144017,-0.062413026,-0.546677,-0.3208235,0.6447736,-0.9200511,0.37836727,-0.71139026,-0.83918875,-0.28167325,-0.518718,0.32001182,0.67143255,0.5657877,0.9548128,2.1246579,0.91195315,-0.18465224
2150,0.16559145,0.64138854,-1.1438959,-0.06267296,-0.54706985,-0.32068086,0.6448921,-0.92033786,0.37847286,-0.71141875,-0.8393787,-0.28209746,-0.51921433,0.32113987,0.670955,0.5655579,0.95546454,2.1258717,0.91267127,-0.18484035
0,0.16399364,0.64055395,-1.1437132,-0.06279665,-0.5467218,-0.3207503,0.6455835,-0.9213518,0.37879753,-0.71154535,-0.8393346,-0.28319445,-0.5199273,0.32248837,0.66982067,0.5655921,0.9558277,2.1283937,0.91375667,-0.18516253
0,0.16512354,0.6411435,-1.1441159,-0.06263133,-0.54705656,-0.3209346,0.6451645,-0.920801,0.37831426,-0.7114891,-0.8394901,-0.2827333,-0.51911044,0.32142228,0.6705139,0.56607753,0.9555054,2.1260998,0.9133425,-0.18472807
0,0.16609435,0.64171356,-1.1440853,-0.062428664,-0.5467025,-0.32085162,0.644837,-0.9201628,0.37833256,-0.71142495,-0.8392437,-0.28184348,-0.5188042,0.32024503,0.67131484,0.5658166,0.95482653,2.124911,0.91218174,-0.18464296
0,0.16340366,0.6401584,-1.1436957,-0.0627504,-0.5456852,-0.32051444,0.6459494,-0.9215741,0.3795321,-0.711453,-0.83915406,-0.28289384,-0.5203625,0.32277775,0.66931355,0.56521857,0.9555043,2.1298935,0.91362894,-0.18556133
0,0.16462481,0.64096516,-1.1433898,-0.06286397,-0.547081,-0.32053888,0.64517254,-0.9207901,0.3789068,-0.7113884,-0.83924806,-0.2825456,-0.5197256,0.3219208,0.67035687,0.5652618,0.9560704,2.127583,0.9129839,-0.18522847
0,0.16437869,0.6404432,-1.1445165,-0.062385093,-0.5455583,-0.3204136,0.6453884,-0.92113817,0.37928277,-0.7113258,-0.8390018,-0.28197348,-0.52034867,0.3226915,0.6698557,0.5650822,0.9548465,2.1292446,0.9131014,-0.18555441
0,0.15618801,0.6354016,-1.1436121,-0.06236559,-0.536688,-0.31804323,0.6499896,-0.92522335,0.38718033,-0.7106082,-0.8404455,-0.28097704,-0.5234667,0.32743353,0.6649791,0.5615595,0.95096624,2.1470714,0.91455257,-0.1889626
0,0.16396734,0.64079267,-1.1429105,-0.063170135,-0.54794544,-0.32094097,0.64542156,-0.92146844,0.37853384,-0.711419,-0.83939236,-0.28372115,-0.51940155,0.32229397,0.6697451,0.5658641,0.95708674,2.1274667,0.9139269,-0.18511483
0,0.16363513,0.6401772,-1.1441019,-0.062543854,-0.5454902,-0.32042742,0.64577234,-0.92164624,0.37974674,-0.7112711,-0.83881986,-0.2824638,-0.5206063,0.32302195,0.66922253,0.56498116,0.95546114,2.1304588,0.9132497,-0.18589099
0,0.15315357,0.63422287,-1.1425323,-0.06305449,-0.540582,-0.3197183,0.6504799,-0.92620313,0.38467056,-0.71141046,-0.8413175,-0.28779942,-0.52092224,0.3279488,0.6634514,0.5663639,0.9530859,2.14438,0.9201883,-0.18747091
894,0.16614668,0.64178556,-1.1439424,-0.062467016,-0.5468292,-0.3208794,0.6448173,-0.9201352,0.37829655,-0.71143156,-0.83923256,-0.28192893,-0.51865923,0.32003713,0.6713703,0.5659195,0.95496523,2.1246119,0.9121357,-0.18460664
0,0.16355586,0.6401025,-1.1440723,-0.06291361,-0.5464992,-0.32102412,0.6459306,-0.92196816,0.3785162,-0.71169126,-0.83968717,-0.28370738,-0.519693,0.32294038,0.66923046,0.56631786,0.95565,2.1284084,0.9148029,-0.18493943
0,0.15574431,0.634652,-1.1445087,-0.062202394,-0.5357589,-0.31910473,0.65068686,-0.92583334,0.38550726,-0.7113587,-0.84079057,-0.2827419,-0.5226306,0.32727855,0.66476023,0.56374186,0.94838935,2.1456046,0.91672343,-0.18776499
0,0.15966013,0.63747275,-1.1446865,-0.062787354,-0.5418432,-0.32168117,0.64879405,-0.925464,0.380205,-0.71177685,-0.83934814,-0.2851494,-0.5211628,0.325526,0.66583073,0.5661852,0.95280254,2.1359997,0.91688126,-0.18602999
0,0.16311476,0.6398028,-1.1444104,-0.0625424,-0.54534405,-0.3205952,0.64609,-0.9220225,0.37959805,-0.71136045,-0.83910674,-0.28309423,-0.52054024,0.32347664,0.6687685,0.565463,0.9553644,2.1307034,0.9141712,-0.18574277
5700,0.16369672,0.64039934,-1.1438271,-0.06283543,-0.546717,-0.32106665,0.6457381,-0.9219036,0.37849125,-0.71158355,-0.83931315,-0.28374788,-0.51976854,0.32276592,0.66940176,0.56598485,0.95573026,2.128529,0.9143761,-0.18510148
2188,0.16606307,0.6416975,-1.1440427,-0.06246233,-0.5467739,-0.32088763,0.6448685,-0.92018473,0.37827975,-0.71145606,-0.8392935,-0.28197116,-0.5187229,0.32019177,0.6713033,0.5659512,0.9548901,2.1247597,0.9122802,-0.18458295
5717,0.16558571,0.64139736,-1.1437813,-0.06270268,-0.54675204,-0.32053557,0.6448976,-0.92030907,0.3788039,-0.7113192,-0.8392633,-0.28150725,-0.5195822,0.32130337,0.67099845,0.56491673,0.9553134,2.126651,0.91216815,-0.18507317
0,0.15554996,0.6357675,-1.1425579,-0.06318519,-0.5398263,-0.31945986,0.6499504,-0.9252204,0.38507468,-0.71092427,-0.8414072,-0.28434736,-0.52131855,0.3263023,0.66534084,0.56406003,0.95307124,2.1426659,0.9169618,-0.18753691
0,0.16515326,0.6413824,-1.1435769,-0.06286031,-0.54770124,-0.32093906,0.64507926,-0.9205324,0.3781995,-0.71155393,-0.8396422,-0.28304285,-0.5188288,0.3210194,0.6707714,0.5661031,0.955999,2.125401,0.9133235,-0.18455124
0,0.16615126,0.6417239,-1.1440336,-0.06247729,-0.5467505,-0.32082915,0.64482456,-0.9201242,0.37835112,-0.71141565,-0.83928096,-0.2817497,-0.51879466,0.320233,0.67134744,0.5657728,0.9548971,2.124837,0.91213,-0.18464461
0,0.16415186,0.64007264,-1.1451129,-0.062042963,-0.5431654,-0.31998116,0.64593107,-0.9212972,0.38083768,-0.7109763,-0.8385252,-0.27995688,-0.52159244,0.32329544,0.66948444,0.56333613,0.9534122,2.1325068,0.911691,-0.18655717
0,0.16258936,0.6399436,-1.1433213,-0.0629679,-0.54670715,-0.32094365,0.6460635,-0.92224133,0.3790223,-0.71152365,-0.839111,-0.28458682,-0.52010506,0.323381,0.6686846,0.5658749,0.9564676,2.1301022,0.9148558,-0.18554048
0,0.16355243,0.6401203,-1.1441047,-0.062733434,-0.5467549,-0.32103738,0.64581007,-0.92209643,0.37854332,-0.71152645,-0.83930147,-0.28389525,-0.51979876,0.32315987,0.6690187,0.56637526,0.95616037,2.1286578,0.9147312,-0.18521883
0,0.16446307,0.6409863,-1.1428772,-0.063163266,-0.5479746,-0.32078624,0.64525187,-0.9211054,0.378546,-0.7113948,-0.83946955,-0.283268,-0.5193262,0.3219418,0.67011905,0.5657363,0.9570812,2.1267788,0.9135481,-0.18503301
0,0.16350341,0.64000314,-1.1437663,-0.062927105,-0.5452465,-0.3207075,0.6462153,-0.92206305,0.37952137,-0.711433,-0.8392798,-0.28242987,-0.5205306,0.32310495,0.66911197,0.5649024,0.95518696,2.1303341,0.9135618,-0.18558797
0,0.16405626,0.6407386,-1.1436617,-0.06279749,-0.5469583,-0.32060716,0.6454674,-0.921038,0.37889338,-0.711504,-0.83949584,-0.28317234,-0.5197207,0.322192,0.66992694,0.5656332,0.95605487,2.1278968,0.9137462,-0.18504776
0,0.16542217,0.6413247,-1.1438588,-0.062700294,-0.5471769,-0.32082623,0.64500296,-0.9205397,0.3783845,-0.711433,-0.8394038,-0.28239077,-0.5191248,0.3211969,0.6708044,0.5657609,0.95556986,2.1259015,0.91288316,-0.18480197
0,0.16430195,0.6405832,-1.1438725,-0.06273405,-0.54687333,-0.3206331,0.64529717,-0.9211612,0.37875018,-0.7114862,-0.8391708,-0.2830891,-0.5198283,0.32243913,0.66992426,0.5657793,0.9559938,2.1279902,0.91367483,-0.18527076
0,0.16231759,0.6389882,-1.1475211,-0.058119178,-0.53420126,-0.32130003,0.6484037,-0.92256325,0.3816591,-0.7111038,-0.8370806,-0.28124484,-0.51646197,0.31499714,0.66725945,0.57242215,0.94659215,2.1265426,0.9110397,-0.18445757
0,0.15758097,0.635495,-1.1456203,-0.06138257,-0.5341902,-0.31779453,0.6498501,-0.92437065,0.38706717,-0.71080285,-0.8398746,-0.27920842,-0.52412355,0.3269475,0.6658001,0.56125236,0.9475126,2.1470094,0.9134552,-0.18882374
0,0.16382626,0.6403666,-1.143926,-0.062913194,-0.5466463,-0.3210129,0.6456795,-0.92184985,0.37848186,-0.7116605,-0.83934385,-0.2836046,-0.5197415,0.32266632,0.66948557,0.5661056,0.95587844,2.1282516,0.91433173,-0.18509272
2200,0.16546431,0.6412382,-1.1441996,-0.062542714,-0.5466212,-0.320936,0.6451049,-0.9206586,0.3782677,-0.7115663,-0.8393265,-0.28242618,-0.5190814,0.32101732,0.67081654,0.5660391,0.95499325,2.1258304,0.9129456,-0.18471327
0,0.15981326,0.6383734,-1.1431234,-0.06346154,-0.5451091,-0.3213694,0.64804614,-0.92408514,0.3800149,-0.71168,-0.8401316,-0.28612563,-0.52013785,0.32441702,0.6667565,0.5665424,0.9559204,2.1331742,0.916945,-0.1855332
0,0.15643437,0.63590884,-1.1438447,-0.06226913,-0.5385927,-0.31887397,0.64955795,-0.9242514,0.38537008,-0.7109094,-0.8408197,-0.28301147,-0.52205336,0.32622418,0.6659142,0.56362617,0.9514853,2.143023,0.91593325,-0.18773568
0,0.15978412,0.6378809,-1.1446137,-0.062498607,-0.54282266,-0.32124773,0.64826936,-0.92454547,0.38075376,-0.71138316,-0.8391634,-0.28497985,-0.5211718,0.32525104,0.66624254,0.56593174,0.9540472,2.1358414,0.91618156,-0.18638372
0,0.15327692,0.63432205,-1.1427296,-0.06243231,-0.5393721,-0.31901535,0.6501312,-0.9261261,0.38546705,-0.7112797,-0.84024334,-0.28699654,-0.52183497,0.32820114,0.66343534,0.5652857,0.9521101,2.146504,0.9190605,-0.18831404
5782,0.1648049,0.6410383,-1.1435906,-0.06298141,-0.5475114,-0.32106185,0.6453625,-0.9210103,0.37809977,-0.7116513,-0.8397352,-0.28333512,-0.5190084,0.32151705,0.6703936,0.5662583,0.95600337,2.1259098,0.9138173,-0.18454774
0,0.123612024,0.6211953,-1.1361388,-0.06363417,-0.5360305,-0.3206099,0.6633447,-0.9418336,0.3922585,-0.71282107,-0.8483219,-0.31791943,-0.5172756,0.3313746,0.6502603,0.58493704,0.9629542,2.1648984,0.94288385,-0.18625835
0,0.16588111,0.6415006,-1.1441104,-0.06250616,-0.5467351,-0.32073227,0.6448767,-0.9201931,0.3784873,-0.7113953,-0.8393181,-0.2817822,-0.5190605,0.32072338,0.67116684,0.56564516,0.9550252,2.1255012,0.91233176,-0.18479021
0,0.16637067,0.641767,-1.14419,-0.062357426,-0.5464162,-0.3207883,0.64478475,-0.9200298,0.37843663,-0.71137124,-0.83918107,-0.28139204,-0.5188037,0.32004747,0.6714672,0.5657029,0.9545659,2.1247818,0.91181993,-0.18469223
0,0.1643472,0.64076394,-1.143224,-0.062851116,-0.5462403,-0.32014602,0.645209,-0.9209871,0.37981802,-0.71107817,-0.83863276,-0.28176504,-0.5206288,0.32258853,0.66999227,0.5640265,0.9561238,2.1298234,0.91222686,-0.18612003
908,0.16616496,0.6417545,-1.1440309,-0.062420823,-0.546645,-0.3208917,0.6448651,-0.9201425,0.37829763,-0.71145934,-0.8392433,-0.2818911,-0.5186246,0.31994846,0.6713642,0.5660164,0.95478284,2.1245403,0.912138,-0.18455963
0,0.11527753,0.6179085,-1.1357791,-0.062252544,-0.52591485,-0.3143968,0.6664328,-0.94506025,0.4015099,-0.7137464,-0.84767705,-0.32223564,-0.5215465,0.33246204,0.64638627,0.5825222,0.9587679,2.1845477,0.9446642,-0.18953769
0,0.16271468,0.6396709,-1.1435078,-0.06278368,-0.5460371,-0.32063794,0.64603484,-0.9223343,0.3794062,-0.71143687,-0.83872336,-0.28400514,-0.5206157,0.323768,0.66850936,0.56556445,0.95620173,2.131084,0.9144665,-0.18594545
0,0.1660028,0.6416982,-1.143981,-0.062479984,-0.5468561,-0.32091767,0.6448868,-0.92021817,0.37825614,-0.7114699,-0.83928126,-0.28210565,-0.51868504,0.32017288,0.6712707,0.56601727,0.9549843,2.1247349,0.9123354,-0.18457766
0,0.16606912,0.6417352,-1.1440003,-0.06244669,-0.5467669,-0.32091856,0.6448761,-0.9201887,0.3782758,-0.71145535,-0.83925456,-0.2820164,-0.5186453,0.32005876,0.6713122,0.5660142,0.9548985,2.1246467,0.91223717,-0.18457623
0,0.16346844,0.6387459,-1.1467172,-0.06163629,-0.5381077,-0.31992,0.64769065,-0.9230355,0.38290492,-0.7106821,-0.8381796,-0.2774496,-0.52326906,0.3243983,0.6682662,0.56168735,0.94983053,2.1377964,0.91048145,-0.18775567
0,0.16458166,0.6414061,-1.1426594,-0.06298976,-0.54816234,-0.32036906,0.6448342,-0.92043084,0.37903196,-0.7112103,-0.83916646,-0.28281808,-0.51956236,0.32167923,0.6705173,0.56494796,0.9571789,2.127264,0.91272944,-0.18532932
0,0.16560507,0.64156896,-1.1437204,-0.06270383,-0.5474407,-0.3208681,0.6449114,-0.9203186,0.37822217,-0.71150494,-0.83945596,-0.28257495,-0.5188383,0.32070175,0.67105114,0.5659506,0.955639,2.1251178,0.912825,-0.18459108
0,0.1662168,0.64175653,-1.1440568,-0.06246227,-0.54674923,-0.3208011,0.6447774,-0.92005956,0.37838054,-0.7113974,-0.8392658,-0.28165796,-0.5187986,0.3202045,0.6714083,0.56570995,0.9548561,2.1248374,0.91204107,-0.1846675
0,0.16625652,0.64180726,-1.1440234,-0.06243386,-0.5466852,-0.32082003,0.644779,-0.9200536,0.37837857,-0.71139306,-0.83921754,-0.28163978,-0.5187386,0.32005298,0.6714332,0.56574565,0.954819,2.1247065,0.91195786,-0.1846561
0,0.16636443,0.6418282,-1.1440662,-0.06241999,-0.54658186,-0.32079238,0.64475083,-0.9200176,0.37841567,-0.7113689,-0.8391837,-0.28142923,-0.51881605,0.32006443,0.6714966,0.5656008,0.95470667,2.1247826,0.9117978,-0.18469782
0,0.1573104,0.63507396,-1.1457868,-0.061298203,-0.53290784,-0.31723967,0.65004146,-0.9250145,0.38820624,-0.710651,-0.8394265,-0.2781355,-0.5250249,0.32795247,0.664936,0.560112,0.9468624,2.149938,0.9128357,-0.18970771
0,0.16661246,0.6417426,-1.1442846,-0.062438082,-0.5460908,-0.32028833,0.6445569,-0.9197074,0.3790709,-0.71112096,-0.8390837,-0.27995518,-0.51976866,0.32090884,0.67163986,0.56417835,0.95444727,2.1264133,0.9109581,-0.18524686
0,0.16444096,0.6400692,-1.1455209,-0.06194513,-0.5426761,-0.32002774,0.64596164,-0.9214109,0.38090605,-0.7108593,-0.838576,-0.2793469,-0.52160066,0.32323512,0.6694709,0.5632695,0.9529724,2.1324258,0.91142714,-0.18653214
0,0.16281879,0.63985795,-1.1439916,-0.0626621,-0.54563224,-0.3207919,0.64624965,-0.92218685,0.37936315,-0.71151704,-0.8391348,-0.28374895,-0.5203325,0.32320365,0.66868883,0.5658036,0.9555939,2.1303837,0.9144375,-0.18551832
0,0.16586852,0.64171106,-1.1436919,-0.062655345,-0.5472441,-0.32079569,0.6447917,-0.9202062,0.37834787,-0.7114187,-0.8392798,-0.2820873,-0.5189513,0.32057387,0.6712364,0.5655796,0.9554285,2.1252472,0.9123165,-0.1847327
0,0.16502607,0.64036,-1.1454577,-0.061896466,-0.5423416,-0.3197793,0.64572656,-0.9209407,0.38092533,-0.7109662,-0.83844817,-0.27865195,-0.5218194,0.32281914,0.6700648,0.56276566,0.9524704,2.1321099,0.9107172,-0.18649101
0,0.16482058,0.6403752,-1.1453345,-0.06189128,-0.5423954,-0.31979093,0.64577717,-0.92101985,0.38099027,-0.7109554,-0.8383721,-0.2787956,-0.5219177,0.3229522,0.66993284,0.56260335,0.9525366,2.132504,0.9107463,-0.18655597
0,0.16669455,0.6418449,-1.1442416,-0.062413346,-0.5462178,-0.32042527,0.6445508,-0.91968536,0.37885475,-0.7111913,-0.8390953,-0.28025687,-0.51946,0.32054108,0.67173004,0.56453514,0.9544176,2.1257699,0.9110629,-0.18506965
